track,label
diag.hospital.153,153 NA
icd9_042_,"042 AIDS, ACQUIRED IMMUNE DEFICIENCY SYNDROME"
icd9_070.3,070.3* HEPATIC OF MENTION WITHOUT B HEPATITIS VIRAL
icd9_070.5,070.5* HEPATIC WITHOUT HEPATITIS SPECIF.VIRAL OTHER
icd9_140,140* MALIGNANT NEOPLASM OF LIP
icd9_141,141* MALIGNANT NEOPLASM OF TONGUE
icd9_142,142* MALIGNANT NEOPLASM OF MAJOR SALIVARY GLANDS
icd9_143,143* MALIGNANT NEOPLASM OF GUM
icd9_144,144* MALIGNANT NEOPLASM OF FLOOR OF MOUTH
icd9_145,145* MALIGNANT NEOPLASM OF OTHER AND UNSPECIFIED PARTS OF MOUTH
icd9_146,146* MALIGNANT NEOPLASM OF OROPHARYNX
icd9_147,147* MALIGNANT NEOPLASM OF NASOPHARYNX
icd9_148,148* MALIGNANT NEOPLASM OF HYPOPHARYNX
icd9_149,"149* MAL.NEOPL.OF ILL-DEFINED SITES WITHIN LIP,ORAL CAVITY,PHARYNX"
icd9_150,150* MALIGNANT NEOPLASM OF ESOPHAGUS
icd9_150.9,"150.9* MALIGNANT NEOPLASM OF ESOPHAGUS, UNSPECIFIED"
icd9_151,151* MALIGNANT NEOPLASM OF STOMACH
icd9_151.9,"151.9* MALIGNANT NEOPLASM OF STOMACH, UNSPECIFIED"
icd9_151_,151 MALIGNANT NEOPLASM OF STOMACH
icd9_152,"152* MALIGNANT NEOPLASM OF SMALL INTESTINE, INCLUDING DUODENUM"
icd9_153.0,153.0* MALIGNANT NEOPLASM OF HEPATIC FLEXURE
icd9_153.1,153.1* MALIGNANT NEOPLASM OF TRANSVERSE COLON
icd9_153.2,153.2* MALIGNANT NEOPLASM OF DESCENDING COLON
icd9_153.3,153.3* MALIGNANT NEOPLASM OF SIGMOID COLON
icd9_153.4,153.4* MALIGNANT NEOPLASM OF CECUM
icd9_153.5,153.5* MALIGNANT NEOPLASM OF APPENDIX VERMIFORMIS
icd9_153.6,153.6* MALIGNANT NEOPLASM OF ASCENDING COLON
icd9_153.7,153.7* MALIGNANT NEOPLASM OF SPLENIC FLEXURE
icd9_153.8,153.8* MALIGNANT NEOPLASM OF OTHER SPECIFIED SITES OF LARGE INTESTINE
icd9_153_,153 MALIGNANT NEOPLASM OF COLON
icd9_154,"154* MALIGNANT NEOPLASM OF RECTUM, RECTOSIGMOID JUNCTION, AND ANUS"
icd9_154.1,154.1* MALIGNANT NEOPLASM OF RECTUM
icd9_155,155* MALIGNANT NEOPLASM OF LIVER AND INTRAHEPATIC BILE DUCTS
icd9_156,156* MALIGNANT NEOPLASM OF GALLBLADDER AND EXTRAHEPATIC BILE DUCTS
icd9_157,157* MALIGNANT NEOPLASM OF PANCREAS
icd9_158,158* MALIGNANT NEOPLASM OF RETROPERITONEUM AND PERITONEUM
icd9_159,159* MAL.NEOPL.ILL-DEFINED SITES WITHIN THE DIGEST.ORGANS + PERITONEUM
icd9_160,"160* MAL.NEOPL.OF NASAL CAVITIES,MIDDLE EAR,AND ACCESSORY SINUSES"
icd9_161,161* MALIGNANT NEOPLASM OF LARYNX
icd9_161_,161 MALIGNANT NEOPLASM OF LARYNX
icd9_162,"162* MALIGNANT NEOPLASM OF TRACHEA, BRONCHUS, AND LUNG"
icd9_163,163* MALIGNANT NEOPLASM OF PLEURA
icd9_164,"164* MALIGNANT NEOPLASM OF THYMUS, HEART, AND MEDIASTINUM"
icd9_165,165* MAL.NEO.ILL-DEFINED SITES WITHIN THE RESP.SYST.+INTRATHOR.ORGANS
icd9_170,170* MALIGNANT NEOPLASM OF BONE AND ARTICULAR CARTILAGE
icd9_171,171* MALIGNANT NEOPLASM OF CONNECTIVE AND OTHER SOFT TISSUE
icd9_172,172* MALIGNANT MELANOMA OF SKIN
icd9_174,174* MALIGNANT NEOPLASM OF FEMALE BREAST
icd9_175,175* MALIGNANT NEOPLASM OF MALE BREAST
icd9_176,176* KAPOSI'S SARCOMA
icd9_176.1,176.1* KAPOSI'S SARCOMA OF SOFT TISSUE
icd9_179,"179* MALIGNANT NEOPLASM OF UTERUS, PART UNSPECIFIED"
icd9_180,180* MALIGNANT NEOPLASM OF CERVIX UTERI
icd9_180_,180 MALIGNANT NEOPLASM OF CERVIX UTERI
icd9_182,182* MALIGNANT NEOPLASM OF BODY OF UTERUS
icd9_182.0,"182.0* MALIGNANT NEOPLASM OF CORPUS UTERI, EXCEPT ISTHMUS"
icd9_183,183* MALIGNANT NEOPLASM OF OVARY AND OTHER UTERINE ADNEXA
icd9_183.0,183.0* MALIGNANT NEOPLASM OF OVARY
icd9_183.2,183.2* MALIGNANT NEOPLASM OF FALLOPIAN TUBE
icd9_183.8,183.8* MALIGNANT NEOPLASM OF OTHER SPECIFIED SITES OF UTERINE ADNEXA
icd9_183.9,"183.9* MALIGNANT NEOPLASM OF UTERINE ADNEXA, UNSPECIFIED"
icd9_183_,183 MALIGNANT NEOPLASM OF OVARY AND OTHER UTERINE ADNEXA
icd9_184,184* MAL.NEOPLASM OF OTHER AND UNSPEC.FEMALE GENITAL ORGANS
icd9_185,185* MALIGNANT NEOPLASM OF PROSTATE
icd9_186,186* MALIGNANT NEOPLASM OF TESTIS
icd9_187,187* MALIGNANT NEOPLASM OF PENIS AND OTHER MALE GENITAL ORGANS
icd9_188,188* MALIGNANT NEOPLASM OF BLADDER
icd9_188.2,188.2* MALIGNANT NEOPLASM OF LATERAL WALL OF URINARY BLADDER
icd9_188.8,188.8* MALIGNANT NEOPLASM OF OTHER SPECIFIED SITES OF BLADDER
icd9_188.9,"188.9* MALIGNANT NEOPLASM OF BLADDER, PART UNSPECIFIED"
icd9_188_,188 MALIGNANT NEOPLASM OF BLADDER
icd9_189,189* MAL.NEOPLASM OF KIDNEY AND OTHER AND UNSPEC.URINARY ORGANS
icd9_189.0,"189.0* MALIGNANT NEOPLASM OF KIDNEY, EXCEPT PELVIS"
icd9_190,190* MALIGNANT NEOPLASM OF EYE
icd9_191,191* MALIGNANT NEOPLASM OF BRAIN
icd9_191_,191 MALIGNANT NEOPLASM OF BRAIN
icd9_192,192* MAL.NEOPLASM OF OTHER AND UNSPEC.PARTS OF NERVOUS SYSTEM
icd9_192.1,192.1* MALIGNANT NEOPLASM OF CEREBRAL MENINGES
icd9_193,193* MALIGNANT NEOPLASM OF THYROID GLAND
icd9_194,194* MAL.NEOPLASM OF OTHER ENDOCRINE GLANDS AND RELATED STRUCTURES
icd9_195,195* MALIGNANT NEOPLASM OF OTHER AND ILL-DEFINED SITES
icd9_196,196* SECONDARY AND UNSPECIFIED MALIGNANT NEOPLASM OF LYMPH NODES
icd9_197,197* SEC.MALIGN.NEOPL.OF RESPIRATORY AND DIGESTIVE SYSTEMS
icd9_198,198* SECONDARY MALIGNANT NEOPLASM OF OTHER SPECIFIED SITES
icd9_199,199* MALIGNANT NEOPLASM WITHOUT SPECIFICATION OF SITE
icd9_199.1,199.1* OTHER MALIGNANT NEOPLASM OF UNSPECIFIED SITE
icd9_200,200* LYMPHOSARCOMA AND RETICULOSARCOMA
icd9_200.0,200.0* RETICULOSARCOMA
icd9_201,201* HODGKIN'S DISEASE
icd9_202,202* OTHER MALIGNANT NEOPLASMS OF LYMPHOID AND HISTIOCYTIC TISSUE
icd9_202.8,202.8* OTHER MALIGNANT LYMPHOMAS
icd9_203.00,203.00* MULTIPLE MYELOMA WITHOUT MENTION OF REMISSION
icd9_203.01,203.01* MULTIPLE MYELOMA IN REMISSION
icd9_203.02,203.02* MULTIPLE MYELOMA IN RELAPSE
icd9_203.0_,203.0 MULTIPLE MYELOMA
icd9_203.10,203.10* PLASMA CELL LEUKEMIA WITHOUT MENTION OF REMISSION
icd9_203.12,203.12* PLASMA CELL LEUKEMIA IN RELAPSE
icd9_203.1_,203.1 PLASMA CELL LEUKEMIA
icd9_203.80,203.80* OTHER IMMUNOPROLIFERATIVE NEOPLASMS WITHOUT MENTION REMISSION
icd9_203.82,203.82* OTHER IMMUNOPROLIFERATIVE NEOPLASMS IN RELAPSE
icd9_203.8_,203.8 OTHER IMMUNOPROLIFERATIVE NEOPLASMS
icd9_203_,203 MULTIPLE MYELOMA AND IMMUNOPROLIFERATIVE NEOPLASMS
icd9_204.00,"204.00* LYMPHOID LEUKEMIA,ACUTE WITHOUT MENTION OF REMISSION"
icd9_204.02,204.02* ACUTE LYMPHOID LEUKEMIA IN RELAPSE
icd9_204.0_,"204.0 LYMPHOID LEUKEMIA,ACUTE"
icd9_204.1,"204.1* LYMPHOID LEUKEMIA,CHRONIC"
icd9_204.10,"204.10* LYMPHOID LEUKEMIA,CHRONIC WITHOUT MENTION OF REMISSION"
icd9_204.12,204.12* CHRONIC LYMPHOID LEUKEMIA IN RELAPSE
icd9_204.1_,"204.1 LYMPHOID LEUKEMIA,CHRONIC"
icd9_204.20,"204.20* LYMPHOID LEUKEMIA, SUBACUTE WITHOUT MENTION OF REMISSION"
icd9_204.22,204.22* SUBACUTE LYMPHOID LEUKEMIA IN RELAPSE
icd9_204.2_,"204.2 LYMPHOID LEUKEMIA, SUBACUTE"
icd9_204.80,204.80* OTHER LYMPHOID LEUKEMIA WITHOUT MENTION OF REMISSION
icd9_204.82,204.82* OTHER LYMPHOID LEUKEMIA IN RELAPSE
icd9_204.8_,204.8 OTHER LYMPHOID LEUKEMIA
icd9_204.90,204.90* UNSPECIFIED LYMPHOID LEUKEMIA WITHOUT MENTION OF REMISSION
icd9_204.92,204.92* UNSPECIFIED LYMPHOID LEUKEMIA IN RELAPSE
icd9_204.9_,204.9 UNSPECIFIED LYMPHOID LEUKEMIA
icd9_204_,204 LYMPHOID LEUKEMIA
icd9_205.00,"205.00* MYELOID LEUKEMIA, ACUTE WITHOUT MENTION OF REMISSION"
icd9_205.01,"205.01* MYELOID LEUKEMIA, ACUTE IN REMISSION"
icd9_205.02,205.02* ACUTE MYELOID LEUKEMIA IN RELAPSE
icd9_205.0_,"205.0 MYELOID LEUKEMIA, ACUTE"
icd9_205.1,"205.1* MYELOID LEUKEMIA, CHRONIC"
icd9_205.10,"205.10* MYELOID LEUKEMIA, CHRONIC WITHOUT MENTION OF REMISSION"
icd9_205.12,205.12* CHRONIC MYELOID LEUKEMIA IN RELAPSE
icd9_205.1_,"205.1 MYELOID LEUKEMIA, CHRONIC"
icd9_205.20,"205.20* MYELOID LEUKEMIA,SUBACUTE WITHOUT MENTION OF REMISSION"
icd9_205.22,205.22* SUBACUTE MYELOID LEUKEMIA IN RELAPSE
icd9_205.2_,"205.2 MYELOID LEUKEMIA,SUBACUTE"
icd9_205.30,205.30* MYELOID SARCOMA WITHOUT MENTION OF REMISSION
icd9_205.32,205.32* MYELOID SARCOMA IN RELAPSE
icd9_205.3_,205.3 MYELOID SARCOMA
icd9_205.80,205.80* OTHER MYELOID LEUKEMIA WITHOUT MENTION OF REMISSION
icd9_205.82,205.82* OTHER MYELOID LEUKEMIA IN RELAPSE
icd9_205.8_,205.8 OTHER MYELOID LEUKEMIA
icd9_205.90,205.90* UNSPECIFIED MYELOID LEUKEMIA WITHOUT MENTION OF REMISSION
icd9_205.92,205.92* UNDPECIFIED MYELOID LEUKEMIA IN RELAPSE
icd9_205.9_,205.9 UNSPECIFIED MYELOID LEUKEMIA
icd9_205_,205 MYELOID LEUKEMIA
icd9_206.00,"206.00* MONOCYTIC LEUKEMIA, ACUTE WITHOUT MENTION OF REMISSION"
icd9_206.02,206.02* ACUTE MONOCYTIC LEUKEMIA IN RELAPSE
icd9_206.0_,"206.0 MONOCYTIC LEUKEMIA, ACUTE"
icd9_206.10,"206.10* MONOCYTIC LEUKEMIA, CHRONIC WITHOUT MENTION OF REMISSION"
icd9_206.12,206.12* CHRONIC MONOCYTIC LEUKEMIA IN RELAPSE
icd9_206.1_,"206.1 MONOCYTIC LEUKEMIA, CHRONIC"
icd9_206.2_,"206.2 MONOCYTIC LEUKEMIA, SUBACUTE"
icd9_206.80,206.80* OTHER MONOCYTIC LEUKEMIA WITHOUT MENTION OF REMISSION
icd9_206.8_,206.8 OTHER MONOCYTIC LEUKEMIA
icd9_206.90,206.90* UNSPECIFIED MONOCYTIC LEUKEMIA WITHOUT MENTION OF REMISSION
icd9_206.9_,206.9 UNSPECIFIED MONOCYTIC LEUKEMIA
icd9_206_,206 MONOCYTIC LEUKEMIA
icd9_207.00,207.00* ACUTE ERYTHREMIA & ERYTHROLEUKEMIA WITHOUT MENT.OF REMISSION
icd9_207.02,207.02* ACUTE ERYTHREMIA AND ERYTHROLEUKEMIA IN RELAPSE
icd9_207.0_,207.0 ACUTE ERYTHREMIA & ERYTHROLEUKEMIA
icd9_207.20,207.20* MEGAKARYOCYTIC LEUKEMIA WITHOUT MENTION OF REMISSION
icd9_207.2_,207.2 MEGAKARYOCYTIC LEUKEMIA
icd9_207.80,207.80* OTHER SPECIFIED LEUKEMIA WITHOUT MENTION OF REMISSION
icd9_207.82,207.82* OTHER SPECIFIED LEUKEMIA IN RELAPSE
icd9_207.8_,207.8 OTHER SPECIFIED LEUKEMIA
icd9_207_,207 OTHER SPECIFIED LEUKEMIA
icd9_208.00,"208.00* LEUKEMIA OF UNSPECIFIED CELL TYPE,ACUTE WITHOUT MEN.OF REMISS"
icd9_208.02,208.02* ACUTE LEUKEMIA OF UNSPECIFIED CELL TYPE IN RELAPSE
icd9_208.0_,"208.0 LEUKEMIA OF UNSPECIFIED CELL TYPE,ACUTE"
icd9_208.10,"208.10* LEUKEMIA OF UNSPEC.CELL TYPE,CHRONIC WITHOUT MEN.OF_REMISS"
icd9_208.12,208.12* CHRONIC LEUKEMIA OF UNSPECIFIED CELL TYPE IN RELAPSE
icd9_208.1_,"208.1 LEUKEMIA OF UNSPEC.CELL TYPE,CHRONIC"
icd9_208.80,"208.80* OTHER LEUKEMIA OF UNSPEC.CELL TYPE,WITHOUT MENTION OF REM"
icd9_208.82,208.82* OTHER LEUKEMIA OF UNDPECIFIED CELL TYPE IN RELAPSE
icd9_208.8_,208.8 OTHER LEUKEMIA OF UNSPEC.CELL TYPE
icd9_208.90,208.90* UNSPECIFIED LEUKEMIA WITHOUT MENTION OF REMISSION
icd9_208.92,208.92* UNSPECIFIED LEUKEMIA IN RELAPSE
icd9_208.9_,208.9 UNSPECIFIED LEUKEMIA
icd9_208_,208 LEUKEMIA OF UNSPECIFIED CELL TYPE
icd9_209,209 NEUROENDOCRINE TUMORS
icd9_225.2,225.2* BENIGN NEOPLASM OF CEREBRAL MENINGES
icd9_227.3,227.3* BENIGN NEOPLASM OF PITUITARY GLAND AND CRANIOPHARYNGEAL DUCT
icd9_230.3,230.3* CARCINOMA IN SITU OF COLON
icd9_230.4,230.4* CARCINOMA IN SITU OF RECTUM
icd9_238.0,238.0* NEOPLASM OF UNCERTAIN BEHAVIOR OF BONE AND ARTICULAR CARTILAGE
icd9_238.1,"238.1* NEOPLASM OF UNCERTAIN BEHAVIOR,CONNECT.AND SOFT TISSUE"
icd9_238.3,238.3* NEOPLASM OF UNCERTAIN BEHAVIOR OF BREAST
icd9_238.4,238.4* POLYCYTHEMIA VERA
icd9_238.5,238.5* NEOPLASM OF UNCERTAIN BEHAVIOR OF HISTIOCYTIC AND MAST CELLS
icd9_238.6,238.6* NEOPLASM OF UNCERTAIN BEHAVIOR OF PLASMA CELLS
icd9_238.7,238.7* NEOPL.UNCERT.BEHAVIOR OF LYMPHATIC AND HEMATOPOIETIC TISSUE
icd9_238.71,238.71* ESSENTIAL THROMBOCYTHEMIA
icd9_238.72,238.72* LOW GRADE MYELODYSPLASTIC SYNDROME LESIONS
icd9_238.73,238.73* HIGH GRADE MYELODYSPLASTIC SYNDROME LESIONS
icd9_238.74,238.74* MYELODYSPLASTIC SYNDROME WITH 5Q DELETION
icd9_238.75,"238.75* MYELODYSPLASTIC SYNDROME, UNSPECIDIED"
icd9_238.76,238.76* MYELOFIBROSIS WITH MYELOID METAPLASIA
icd9_238.77,238.77* POST-TRANSPLANT LYMPHOPROLIFERATIVE DISORDER (PTLD)
icd9_238.79,238.79* NEOPL.OF UNCERT.BEHAV.OF OTHER LYMPHATIC AND HEMATOPOIETIC TISSUE
icd9_238.7_,238.7 NEOPL.UNCERT.BEHAVIOR OF LYMPHATIC AND HEMATOPOIETIC TISSUE
icd9_238.8,238.8* NEOPLASM OF UNCERTAIN BEHAVIOR OF OTHER SPECIFIED SITES
icd9_238.9,"238.9* NEOPLASM OF UNCERTAIN BEHAVIOR, SITE UNSPECIFIED"
icd9_238_,"238 NEOPLASM OF UNCERTAIN BEHAVIOR,UNSP.SITES AND TISSUES"
icd9_244,244.9* UNSPECIFIED ACQUIRED HYPOTHYROIDISM
icd9_250,250* DIABETES MELLITUS
icd9_250.0,250.0* DIABETES MELLITUS WITHOUT MENTION OF COMPLICATION
icd9_250.1,250.1* DIABETES WITH KETOACIDOSIS
icd9_250.4,250.4* DIABETES WITH RENAL MANIFESTATIONS
icd9_250.5,250.5* DIABETES WITH OPHTHALMIC MANIFESTATIONS
icd9_250.6,250.6* DIABETES WITH NEUROLOGICAL MANIFESTATIONS
icd9_250.7,250.7* DIABETES WITH PERIPHERAL CIRCULATORY DISORDERS
icd9_250.8,250.8* DIABETES WITH OTHER SPECIFIED MANIFESTATIONS
icd9_252.0,252.0* HYPERPARATHYROIDISM
icd9_253.2,253.2* PANHYPOPITUITARISM
icd9_255.4,255.4* CORTICOADRENAL INSUFFICIENCY
icd9_271.0,271.0* GLYCOGENOSIS
icd9_273.1,273.1* MONOCLONAL PARAPROTEINEMIA
icd9_276.1,276.1* HYPOSMOLALITY AND/OR HYPONATREMIA
icd9_282.2,"282.2* ANEMIAS,DISORDERS OF GLUTATHIONE METABOLISM (G-6-P-D-)"
icd9_284.8,284.8* OTHER SPECIFIED APLASTIC ANEMIAS
icd9_284.9,"284.9* APLASTIC ANEMIA, UNSPECIFIED"
icd9_284_,284 APLASTIC ANEMIA
icd9_287.3,287.3* PRIMARY THROMBOCYTOPENIA
icd9_289.4,289.4* HYPERSPLENISM
icd9_295.9,295.9* UNSPECIFIED SCHIZOPHRENIA
icd9_296.8,"296.8* MANIC-DEPRESSIVE PSYCHOSIS, OTHER AND UNSPECIFIED"
icd9_305.0,305.0* ALCOHOL ABUSE
icd9_311,"311* DEPRESSIVE DISORDER, NOT ELSEWHERE CLASSIFIED"
icd9_331.0,331.0* ALZHEIMER'S DISEASE
icd9_331.4,331.4* OBSTRUCTIVE HYDROCEPHALUS
icd9_332_,332 PARKINSON'S DISEASE
icd9_335.2,335.2* MOTOR NEURON DISEASE
icd9_342_,342 HEMIPLEGIA
icd9_344.1,344.1* PARAPLEGIA
icd9_345.1,345.1* GENERALIZED CONVULSIVE EPILEPSY
icd9_345.9,"345.9* EPILEPSY, UNSPECIFIED"
icd9_345_,345 EPILEPSY
icd9_357.2,357.2* POLYNEUROPATHY IN DIABETES
icd9_358.0,358.0* MYASTHENIA GRAVIS
icd9_359_,359 MUSCULAR DYSTROPHIES AND OTHER MYOPATHIES
icd9_362.0,362.0* DIABETIC RETINOPATHY
icd9_365.9,365.9* UNSPECIFIED GLAUCOMA
icd9_391_,391 RHEUMATIC FEVER WITH HEART INVOLVEMENT
icd9_394.0,394.0* MITRAL STENOSIS
icd9_395.0,395.0* RHEUMATIC AORTIC STENOSIS
icd9_398.9,398.9* OTHER AND UNSPECIFIED RHEUMATIC HEART DISEASES
icd9_403.9,403.9* UNSPECIFIED HYPERTENSIVE RENAL DISEASE
icd9_410,410* ACUTE MYOCARDIAL INFARCTION
icd9_410.00,"410.00* AC. M.I. ANTEROLATERAL, EPISODE OF CARE UNSP."
icd9_410.01,"410.01* AC. M.I. ANTEROLATERAL, INITIAL EPISODE OF CARE"
icd9_410.0_,410.0 ACUTE MYOCARDIAL INFARCTION OF ANTEROLATERAL WALL
icd9_410.10,"410.10* AC. M.I. OTHER ANTERIOR, EPISODE OF CARE UNSP."
icd9_410.11,"410.11* AC. M.I. OTHER ANTERIOR, INITIAL EPISODE OF CARE"
icd9_410.1_,410.1 ACUTE MYOCARDIAL INFARCTION OF OTHER ANTERIOR WALL
icd9_410.21,"410.21* AC. M.I. INFEROLATERAL, INITIAL EPISODE OF CARE"
icd9_410.2_,410.2 ACUTE MYOCARDIAL INFARCTION OF INFEROLATERAL WALL
icd9_410.30,"410.30* AC. M.I. INFEROPOSTERIOR, EPISODE OF CARE UNSP."
icd9_410.31,"410.31* AC. M.I. INFEROPOSTERIOR, INITIAL EPISODE OF CARE"
icd9_410.3_,410.3 ACUTE MYOCARDIAL INFARCTION OF INFEROPOSTERIOR WALL
icd9_410.40,"410.40* AC. M.I. OTHER INFERIOR, EPISODE OF CARE UNSP."
icd9_410.41,"410.41* AC. M.I. OTHER INFERIOR, INITIAL EPISODE OF CARE"
icd9_410.4_,410.4 ACUTE MYOCARDIAL INFARCTION OF OTHER INFERIOR WALL
icd9_410.50,"410.50* AC. M.I. OTHE LATERAL, EPISODE OF CARE UNSP."
icd9_410.51,"410.51* AC. M.I. OTHER LATERAL, INITIAL EPISODE OF CARE"
icd9_410.5_,410.5 ACUTE MYOCARDIAL INFARCTION OF OTHER LATERAL WALL
icd9_410.60,"410.60* AC. M.I. TRUE POSTERIOR, EPISODE OF CARE UNSP."
icd9_410.61,"410.61* AC. M.I. TRUE POSTERIOR, INITIAL EPISODE OF CARE"
icd9_410.6_,410.6 TRUE POSTERIOR WALL INFARCTION
icd9_410.70,"410.70* AC. M.I. SUBENDOCARDIAL, EPISODE OF CARE UNSP."
icd9_410.71,"410.71* AC. M.I. SUBENDOCARDIAL, INITIAL EPISODE OF CARE"
icd9_410.7_,410.7 SUBENDOCARDIAL INFARCTION
icd9_410.80,"410.80* AC. M.I. OTHER SPECIFIED SITES, EPISODE OF CARE UNSP."
icd9_410.81,"410.81* AC. M.I. OTHER SPECIFIED SITES, INITIAL EPISODE OF CARE"
icd9_410.8_,410.8 ACUTE MYOCARDIAL INFARCTION OF OTHER SPECIFIED SITES
icd9_410.90,"410.90* AC. M.I. UNSP. SITE, EPISODE OF CARE UNSP."
icd9_410.91,"410.91* AC. M.I. UNSP. SITE, INITIAL EPISODE OF CARE"
icd9_410.9_,410.9 ACUTE MYOCARDIAL INFARCTION OF UNSPECIFIED SITE
icd9_410_,410 ACUTE MYOCARDIAL INFARCTION
icd9_411,411* OTHER ACUTE AND SUBACUTE FORMS OF ISCHEMIC HEART DISEASE
icd9_413.9,413.9* OTHER AND UNSPECIFIED ANGINA PECTORIS
icd9_414,414* OTHER FORMS OF CHRONIC ISCHEMIC HEART DISEASE
icd9_414.8,414.8* OTHER SPECIFIED FORMS OF CHRONIC ISCHEMIC HEART DISEASE
icd9_414.9,"414.9* CHRONIC ISCHEMIC HEART DISEASE, UNSPECIFIED"
icd9_415.1,415.1* PULMONARY EMBOLISM AND INFARCTION
icd9_416.0,416.0* PRIMARY PULMONARY HYPERTENSION
icd9_416.8,416.8* OTHER CHRONIC PULMONARY HEART DISEASES
icd9_421.0,421.0* ACUTE AND SUBACUTE BACTERIAL ENDOCARDITIS
icd9_424.0,424.0* MITRAL VALVE DISORDERS
icd9_424.1,424.1* AORTIC VALVE DISORDERS
icd9_424.9,"424.9* ENDOCARDITIS, VALVE UNSPECIFIED"
icd9_425.1,425.1* HYPERTROPHIC OBSTRUCTIVE CARDIOMYOPATHY
icd9_425.4,425.4* OTHER PRIMARY CARDIOMYOPATHIES
icd9_425.8,425.8* CARDIOMYOPATHY IN OTHER DISEASES CLASSIFIED ELSEWHERE
icd9_425_,425 CARDIOMYOPATHY
icd9_427.31,427.31* ATRIAL FIBRILLATION
icd9_427.32,427.32* ATRIAL FLUTTER
icd9_427.3_,427.3 ATRIAL FIBRILLATION AND FLUTTER
icd9_428,428* HEART FAILURE
icd9_428.0,428.0* CONGESTIVE HEART FAILURE
icd9_428.2,428.2* SYSTOLIC HEART FAILURE
icd9_428_,428 HEART FAILURE
icd9_429.9,"429.9* HEART DISEASE, UNSPECIFIED"
icd9_431,431* INTRACEREBRAL HEMORRHAGE
icd9_433,433* OCCLUSION AND STENOSIS OF PRECEREBRAL ARTERIES
icd9_434.0,434.0* CEREBRAL THROMBOSIS
icd9_434.9,"434.9* CEREBRAL ARTERY OCCLUSION, UNSPECIFIED"
icd9_434.91,434.91* CEREBRAL ART. OCCLUSION WITH CEREBRAL INFARCTION
icd9_435.9,435.9* UNSPECIFIED TRANSIENT CEREBRAL ISCHEMIA
icd9_435_,435 TRANSIENT CEREBRAL ISCHEMIA
icd9_436,"436* ACUTE, BUT ILL-DEFINED, CEREBROVASCULAR DISEASE"
icd9_437.0,437.0* CEREBRAL ATHEROSCLEROSIS
icd9_437.1,437.1* OTHER GENERALIZED ISCHEMIC CEREBROVASCULAR DISEASE
icd9_438.2,438.2* HEMIPLEGIA/HEMIPARESIS
icd9_440.1,440.1* ATHEROSCLEROSIS OF RENAL ARTERY
icd9_441.2,441.2* THORACIC ANEURYSM WITHOUT MENTION OF RUPTURE
icd9_441.4,441.4* ABDOMINAL ANEURYSM WITHOUT MENTION OF RUPTURE
icd9_443.9,"443.9* PERIPHERAL VASCULAR DISEASE, UNSPECIFIED"
icd9_454.1,454.1* VARICOSE VEINS OF LOWER EXTREMITIES WITH INFLAMMATION
icd9_456.1,456.1* ESOPHAGEAL VARICES WITHOUT MENTION OF BLEEDING
icd9_457.1,457.1* OTHER LYMPHEDEMA
icd9_491,491* CHRONIC BRONCHITIS
icd9_491.2,491.2* OBSTRUCTIVE CHRONIC BRONCHITIS
icd9_492,492* EMPHYSEMA
icd9_492.8,492.8* OTHER EMPHYSEMA
icd9_492_,492 EMPHYSEMA
icd9_494,494* BRONCHIECTASIS
icd9_494.0,494.0* BRONCHIECTESIS WITHOUT ACUTE EXACERBATION
icd9_494.1,494.1* BRONCHIECTASIS WITH ACUTE EXACERBATION
icd9_494_,494 BRONCHIECTASIS
icd9_496,"496* CHRONIC AIRWAY OBSTRUCTION, NOT ELSEWHERE CLASSIFIED"
icd9_506.4,506.4* CHRONIC RESPIRATORY CONDITIONS DUE TO FUMES AND VAPORS
icd9_514,514* PULMONARY CONGESTION AND HYPOSTASIS
icd9_515,515* POSTINFLAMMATORY PULMONARY FIBROSIS
icd9_516.3,516.3* IDIOPATHIC FIBROSING ALVEOLITIS
icd9_537.9,537.9* UNSPECIFIED DISORDER OF STOMACH AND DUODENUM
icd9_556.9,"556.9* ULCERATIVE COLITIS, UNSPECIFIED"
icd9_571.2,571.2* ALCOHOLIC CIRRHOSIS OF LIVER
icd9_571.5,571.5* CIRRHOSIS OF LIVER WITHOUT MENTION OF ALCOHOL
icd9_571.6,571.6* BILIARY CIRRHOSIS
icd9_572.3,572.3* PORTAL HYPERTENSION
icd9_577.2,577.2* CYST AND PSEUDOCYST OF PANCREAS
icd9_583.8,583.8* NEPHRITIS AC.OR CHR.WITH OTHER SPEC.LESIONS IN KIDNEY
icd9_585.6,585.6* END STAGE RENAL DISEASE
icd9_585.9,"585.9* CHRONIC KIDNEY DISEASE, UNSPECIFIED"
icd9_585_,585 CHRONIC RENAL FAILURE
icd9_586,"586* RENAL FAILURE, UNSPECIFIED"
icd9_694.4,694.4* PEMPHIGUS
icd9_707.1,"707.1* ULCER OF LOWER LIMBS, EXCEPT DECUBITUS ULCER"
icd9_710.1,710.1* SYSTEMIC SCLEROSIS
icd9_720.0,720.0* ANKYLOSING SPONDYLITIS
icd9_743.0,743.0* ANOPHTHALMOS
icd9_745.2,745.2* TETRALOGY OF FALLOT
icd9_747.1,747.1* COARCTATION OF AORTA
icd9_758.0,758.0* DOWN'S SYNDROME
icd9_781.2,781.2* ABNORMALITY OF GAIT
icd9_782.3,782.3* EDEMA
icd9_B73,B73* LEUKEMIA
icd9_D74,D74* MALIG.NEOPL.STOMACH
icd9_D75,D75* MALIG.NEOPL.COLON;RECTUM
icd9_D76,D76* MALIG.NEOPL.PANCREAS
icd9_F00.1,F00.1* DEMENTIA IN ALZHEIMER'S DISEASE WITH LATE ONSET
icd9_F00.2,"F00.2* DEMENTIA IN ALZHEIMER'S DISEASE,ATYPICAL OR MIXED TYPE"
icd9_F00.9,"F00.9* DEMENTIA IN ALZHEIMER'S DISEASE,UNSPECIFIED"
icd9_F00_,F00 DEMENTIA IN ALZHEIMER'S DISEASE
icd9_F10.2,"F10.2* ALCOHOL,DEPENDENCE SYNDROME"
icd9_F20_,F20 SCHIZOPHRENIA
icd9_F41.2,F41.2* MIXED ANXIETY AND DEPRESSIVE DISORDER
icd9_K78,K78* ATRIAL FIBRILLATION/FLUTTER
icd9_N88,N88* EPILEPSY;ALL TYPES
icd9_R84,R84* MALIGNANT NEOPLASM BRONCHUS/LUNG
icd9_S77,S77* MALIGN.NEOPLASMS OF SKIN
icd9_X76,X76* MALIGNANT NEOPLASM OF BREAST
icd9_Y77,Y77* MALIGNANT NEOPLASM OF PROSTATE
icd9_Z00.61,Z00.61* PERCUTANEOUS ANGIOPLASTY/ATHERECTOMY OF PRECEREBRAL(EXTRACRANIAL) VESSEL(S)
icd9_Z00.62,Z00.62* PERCUTANEOUS ANGIOPLASTY OR ATHERECTOMY OF INTRACRANIAL VESSEL(S)
icd9_Z00.63,Z00.63* PERCUTANEOUS INSERTION OF CAROTID ARTERY STENT(S)
icd9_Z00.64,Z00.64* PERCUTANEOUS INSERTION OF OTHER PRECEREBRAL (EXTRACRANIAL) ARTERY STENT(S)
icd9_Z00.65,Z00.65* PERCUTANEOUS INSERTION 0F INTRACRANIAL VASCULAR STENT(S)
icd9_Z35.2,Z35.2* REPLACEMENT OF HEART VALVE
icd9_Z36.1,Z36.1* BYPASS ANASTOMOSIS FOR HEART REVASCULARIZATION
icd9_Z38.1,Z38.1* ENDARTERECTOMY
disease.ABDOMINAL_ANEURYSM_WITHOUT_MENTION_OF_RUPTURE,ABDOMINAL_ANEURYSM_WITHOUT_MENTION_OF_RUPTURE
disease.ABNORMALITY_OF_GAIT,ABNORMALITY_OF_GAIT
disease.AIDS_ACQUIRED_IMMUNE_DEFICIENCY_SYNDROME,AIDS_ACQUIRED_IMMUNE_DEFICIENCY_SYNDROME
disease.ALCOHOLIC_CIRRHOSIS_OF_LIVER,ALCOHOLIC_CIRRHOSIS_OF_LIVER
disease.ALZHEIMERS_DISEASE,ALZHEIMERS_DISEASE
disease.AML_LIRAN,AML_LIRAN
disease.ANKYLOSING_SPONDYLITIS,ANKYLOSING_SPONDYLITIS
disease.ANOPHTHALMOS,ANOPHTHALMOS
disease.AORTIC_VALVE_DISORDERS,AORTIC_VALVE_DISORDERS
disease.APLASTIC_ANEMIA,APLASTIC_ANEMIA
disease.ATHEROSCLEROSIS_OF_RENAL_ARTERY,ATHEROSCLEROSIS_OF_RENAL_ARTERY
disease.ATRIAL_FIBRILLATION_AND_FLUTTER,ATRIAL_FIBRILLATION_AND_FLUTTER
disease.BENIGN_NEOPLASM_OF_CEREBRAL_MENINGES,BENIGN_NEOPLASM_OF_CEREBRAL_MENINGES
disease.BENIGN_NEOPLASM_OF_PITUITARY_GLAND_AND_CRANIOPHARYNGEAL_DUCT,BENIGN_NEOPLASM_OF_PITUITARY_GLAND_AND_CRANIOPHARYNGEAL_DUCT
disease.BILIARY_CIRRHOSIS,BILIARY_CIRRHOSIS
disease.BREAST_CANCER,BREAST_CANCER
disease.BRONCHIECTASIS,BRONCHIECTASIS
disease.BYPASS_ANASTOMOSIS_FOR_HEART_REVASCULARIZATION,BYPASS_ANASTOMOSIS_FOR_HEART_REVASCULARIZATION
disease.CANCER,CANCER
disease.CARDIO_AND_CEREBROVASCULAR,CARDIO_AND_CEREBROVASCULAR
disease.CARDIOMYOPATHY,CARDIOMYOPATHY
disease.CHRONIC_ISCHEMIC_HEART_DISEASE,CHRONIC_ISCHEMIC_HEART_DISEASE
disease.CKD,CKD
disease.COARCTATION_OF_AORTA,COARCTATION_OF_AORTA
disease.COLON_CANCER,COLON_CANCER
disease.COPD,COPD
disease.CORTICOADRENAL_INSUFFICIENCY,CORTICOADRENAL_INSUFFICIENCY
disease.CYST_AND_PSEUDOCYST_OF_PANCREAS,CYST_AND_PSEUDOCYST_OF_PANCREAS
disease.DEPRESSIVE_DISORDER,DEPRESSIVE_DISORDER
disease.DIABETES,DIABETES
disease.DIABETIC_RETINOPATHY,DIABETIC_RETINOPATHY
disease.DOWNS_SYNDROME,DOWNS_SYNDROME
disease.EDEMA,EDEMA
disease.EMPHYSEMA,EMPHYSEMA
disease.END_STAGE_RENAL_DISEASE,END_STAGE_RENAL_DISEASE
disease.ENDOCARDITIS_VALVE_UNSPECIFIED,ENDOCARDITIS_VALVE_UNSPECIFIED
disease.EPILEPSY,EPILEPSY
disease.ESOPHAGEAL_VARICES_WITHOUT_MENTION_OF_BLEEDING,ESOPHAGEAL_VARICES_WITHOUT_MENTION_OF_BLEEDING
disease.ESSENTIAL_THROMBOCYTHEMIA,ESSENTIAL_THROMBOCYTHEMIA
disease.HEART_DISEASE_UNSPECIFIED,HEART_DISEASE_UNSPECIFIED
disease.HEART_FAILURE,HEART_FAILURE
disease.HEMIPLEGIA_HEMIPARESIS,HEMIPLEGIA_HEMIPARESIS
disease.HEPATIC_OF_MENTION_WITHOUT_B_HEPATITIS_VIRAL,HEPATIC_OF_MENTION_WITHOUT_B_HEPATITIS_VIRAL
disease.HEPATIC_WITHOUT_HEPATITIS_SPECIF.VIRAL_OTHER,HEPATIC_WITHOUT_HEPATITIS_SPECIF.VIRAL_OTHER
disease.HODGKINS_CANCER,HODGKINS_CANCER
disease.HYPERPARATHYROIDISM,HYPERPARATHYROIDISM
disease.HYPERSPLENISM,HYPERSPLENISM
disease.HYPERTROPHIC_OBSTRUCTIVE_CARDIOMYOPATHY,HYPERTROPHIC_OBSTRUCTIVE_CARDIOMYOPATHY
disease.HYPOSMOLALITY_AND_OR_HYPONATREMIA,HYPOSMOLALITY_AND_OR_HYPONATREMIA
disease.IDIOPATHIC_FIBROSING_ALVEOLITIS,IDIOPATHIC_FIBROSING_ALVEOLITIS
disease.INTRACEREBRAL_HEMORRHAGE,INTRACEREBRAL_HEMORRHAGE
disease.KAPOSIS_SARCOMA_OF_SOFT_TISSUE,KAPOSIS_SARCOMA_OF_SOFT_TISSUE
disease.LEUKEMIA,LEUKEMIA
disease.LUNG_CANCER,LUNG_CANCER
disease.LYMPHOID_LEUKEMIA_CHRONIC,LYMPHOID_LEUKEMIA_CHRONIC
disease.LYMPHOMA_CANCER,LYMPHOMA_CANCER
disease.MALIGNANT_NEOPLASM_OF_BLADDER,MALIGNANT_NEOPLASM_OF_BLADDER
disease.MALIGNANT_NEOPLASM_OF_BRAIN,MALIGNANT_NEOPLASM_OF_BRAIN
disease.MALIGNANT_NEOPLASM_OF_CEREBRAL_MENINGES,MALIGNANT_NEOPLASM_OF_CEREBRAL_MENINGES
disease.MALIGNANT_NEOPLASM_OF_CERVIX_UTERI,MALIGNANT_NEOPLASM_OF_CERVIX_UTERI
disease.MALIGNANT_NEOPLASM_OF_CORPUS_UTERI_EXCEPT_ISTHMUS,MALIGNANT_NEOPLASM_OF_CORPUS_UTERI_EXCEPT_ISTHMUS
disease.MALIGNANT_NEOPLASM_OF_ESOPHAGUS_UNSPECIFIED,MALIGNANT_NEOPLASM_OF_ESOPHAGUS_UNSPECIFIED
disease.MALIGNANT_NEOPLASM_OF_KIDNEY_EXCEPT_PELVIS,MALIGNANT_NEOPLASM_OF_KIDNEY_EXCEPT_PELVIS
disease.MALIGNANT_NEOPLASM_OF_LARYNX,MALIGNANT_NEOPLASM_OF_LARYNX
disease.MALIGNANT_NEOPLASM_OF_OVARY,MALIGNANT_NEOPLASM_OF_OVARY
disease.MALIGNANT_NEOPLASM_OF_OVARY_AND_OTHER_UTERINE_ADNEXA,MALIGNANT_NEOPLASM_OF_OVARY_AND_OTHER_UTERINE_ADNEXA
disease.MALIGNANT_NEOPLASM_OF_RECTUM,MALIGNANT_NEOPLASM_OF_RECTUM
disease.MALIGNANT_NEOPLASM_OF_STOMACH,MALIGNANT_NEOPLASM_OF_STOMACH
disease.MALIGNANT_NEOPLASM_OF_THYROID_GLAND,MALIGNANT_NEOPLASM_OF_THYROID_GLAND
disease.MANIC_DEPRESSIVE_PSYCHOSIS_OTHER_AND_UNSPECIFIED,MANIC_DEPRESSIVE_PSYCHOSIS_OTHER_AND_UNSPECIFIED
disease.MDS,MDS
disease.MITRAL_STENOSIS,MITRAL_STENOSIS
disease.MITRAL_VALVE_DISORDERS,MITRAL_VALVE_DISORDERS
disease.MONOCLONAL_PARAPROTEINEMIA,MONOCLONAL_PARAPROTEINEMIA
disease.MOTOR_NEURON_DISEASE,MOTOR_NEURON_DISEASE
disease.MULTIPLE_MYELOMA,MULTIPLE_MYELOMA
disease.MUSCULAR_DYSTROPHIES_AND_OTHER_MYOPATHIES,MUSCULAR_DYSTROPHIES_AND_OTHER_MYOPATHIES
disease.MYASTHENIA_GRAVIS,MYASTHENIA_GRAVIS
disease.MYELOID_LEUKEMIA_CHRONIC,MYELOID_LEUKEMIA_CHRONIC
disease.NCVD,NCVD
disease.NEOPL.UNCERT.BEHAVIOR_OF_LYMPHATIC_AND_HEMATOPOIETIC_TISSUE,NEOPL.UNCERT.BEHAVIOR_OF_LYMPHATIC_AND_HEMATOPOIETIC_TISSUE
disease.NEPHRITIS_AC.OR_CHR.WITH_OTHER_SPEC.LESIONS_IN_KIDNEY,NEPHRITIS_AC.OR_CHR.WITH_OTHER_SPEC.LESIONS_IN_KIDNEY
disease.LIVER_DISEASE,LIVER_DISEASE
disease.OBSTRUCTIVE_CHRONIC_BRONCHITIS,OBSTRUCTIVE_CHRONIC_BRONCHITIS
disease.OBSTRUCTIVE_HYDROCEPHALUS,OBSTRUCTIVE_HYDROCEPHALUS
disease.OTHER_AND_UNSPECIFIED_RHEUMATIC_HEART_DISEASES,OTHER_AND_UNSPECIFIED_RHEUMATIC_HEART_DISEASES
disease.OTHER_CHRONIC_PULMONARY_HEART_DISEASES,OTHER_CHRONIC_PULMONARY_HEART_DISEASES
disease.OTHER_LYMPHEDEMA,OTHER_LYMPHEDEMA
disease.OTHER_MALIGNANT_LYMPHOMAS,OTHER_MALIGNANT_LYMPHOMAS
disease.OTHER_MALIGNANT_NEOPLASM_OF_UNSPECIFIED_SITE,OTHER_MALIGNANT_NEOPLASM_OF_UNSPECIFIED_SITE
disease.OVARIAN_CANCER,OVARIAN_CANCER
disease.PANHYPOPITUITARISM,PANHYPOPITUITARISM
disease.PARAPLEGIA,PARAPLEGIA
disease.PARKINSONS_DISEASE,PARKINSONS_DISEASE
disease.PEMPHIGUS,PEMPHIGUS
disease.PERIPHERAL_VASCULAR_DISEASE_UNSPECIFIED,PERIPHERAL_VASCULAR_DISEASE_UNSPECIFIED
disease.POLYCYTHEMIA_VERA,POLYCYTHEMIA_VERA
disease.POLYNEUROPATHY_IN_DIABETES,POLYNEUROPATHY_IN_DIABETES
disease.PORTAL_HYPERTENSION,PORTAL_HYPERTENSION
disease.POSTINFLAMMATORY_PULMONARY_FIBROSIS,POSTINFLAMMATORY_PULMONARY_FIBROSIS
disease.PRIMARY_PULMONARY_HYPERTENSION,PRIMARY_PULMONARY_HYPERTENSION
disease.PRIMARY_THROMBOCYTOPENIA,PRIMARY_THROMBOCYTOPENIA
disease.PROSTATE_CANCER,PROSTATE_CANCER
disease.PULMONARY_CONGESTION_AND_HYPOSTASIS,PULMONARY_CONGESTION_AND_HYPOSTASIS
disease.PULMONARY_EMBOLISM_AND_INFARCTION,PULMONARY_EMBOLISM_AND_INFARCTION
disease.RENAL_FAILURE_UNSPECIFIED,RENAL_FAILURE_UNSPECIFIED
disease.REPLACEMENT_OF_HEART_VALVE,REPLACEMENT_OF_HEART_VALVE
disease.RETICULOSARCOMA,RETICULOSARCOMA
disease.RHEUMATIC_AORTIC_STENOSIS,RHEUMATIC_AORTIC_STENOSIS
disease.RHEUMATIC_FEVER_WITH_HEART_INVOLVEMENT,RHEUMATIC_FEVER_WITH_HEART_INVOLVEMENT
disease.SCHIZOPHRENIA,SCHIZOPHRENIA
disease.SYSTEMIC_SCLEROSIS,SYSTEMIC_SCLEROSIS
disease.SYSTOLIC_HEART_FAILURE,SYSTOLIC_HEART_FAILURE
disease.TETRALOGY_OF_FALLOT,TETRALOGY_OF_FALLOT
disease.THORACIC_ANEURYSM_WITHOUT_MENTION_OF_RUPTURE,THORACIC_ANEURYSM_WITHOUT_MENTION_OF_RUPTURE
disease.ULCER_OF_LOWER_LIMBS_EXCEPT_DECUBITUS_ULCER,ULCER_OF_LOWER_LIMBS_EXCEPT_DECUBITUS_ULCER
disease.ULCERATIVE_COLITIS_UNSPECIFIED,ULCERATIVE_COLITIS_UNSPECIFIED
disease.UNSPECIFIED_ACQUIRED_HYPOTHYROIDISM,UNSPECIFIED_ACQUIRED_HYPOTHYROIDISM
disease.UNSPECIFIED_GLAUCOMA,UNSPECIFIED_GLAUCOMA
disease.UNSPECIFIED_HYPERTENSIVE_RENAL_DISEASE,UNSPECIFIED_HYPERTENSIVE_RENAL_DISEASE
disease.VARICOSE_VEINS_OF_LOWER_EXTREMITIES_WITH_INFLAMMATION,VARICOSE_VEINS_OF_LOWER_EXTREMITIES_WITH_INFLAMMATION
